trip_id,schedule_relationship,route_id,latitude,longitude,current_stop_sequence,timestamp,vehicle_id,vehicle_label,color
1_4448682^M,0,396,52.4716796875,16.988920211791992,9,1758112644,3026,396/12,#FFA500
1_4448734^+,0,388,52.46894836425781,16.979890823364258,0,1758112634,3028,388/14,#FFA500
1_4448758^+,0,323,52.45800018310547,16.995330810546875,16,1758112639,3022,323/21,#FFA500
1_4448812^+,0,321,52.465511322021484,17.02046012878418,0,1758112629,3007,321/23,#FFA500
1_4448855^+,0,320,52.409271240234375,16.954530715942383,0,1758112644,3003,320/25,#FFA500
1_4448882^+,0,320,52.425621032714844,16.97783088684082,8,1758112644,3009,320/26,#FFA500
1_4448915^+,0,321,52.41102981567383,16.957910537719727,2,1758112644,3016,321/27,#FFA500
1_4448940^S,0,312,52.545108795166016,16.972820281982422,3,1758112624,3005,312/31,#FFA500
1_4448957^M,0,312,52.45344161987305,16.992069244384766,15,1758112644,3014,312/32,#FFA500
1_4448977^+,0,341,52.40882110595703,16.955339431762695,0,1758112639,3019,341/33,#FFA500
1_4448995^+,0,312,52.40945816040039,16.955820083618164,34,1758112644,3012,312/34,#FFA500
1_4449010^+,0,341,52.564239501953125,16.9885196685791,29,1758112644,3025,341/35,#FFA500
1_4449034^+,0,341,52.527259826660156,16.977190017700195,14,1758112644,3018,341/36,#FFA500
1_4449051^Z,0,312,52.41952133178711,16.9660701751709,5,1758112634,3010,312/38,#FFA500
1_4451535^+,0,503,52.311279296875,17.043109893798828,7,1758112629,5034,503/1,#FFA500
1_4451552^W,0,560,52.36429977416992,16.99295997619629,32,1758112644,5023,560/3,#FFA500
1_4451586^+,0,560,52.15216827392578,17.16476058959961,31,1758112639,5028,560/5,#FFA500
1_4451601,0,501,52.2216796875,17.05792999267578,0,1758112644,5098,501/6,#FFA500
1_4451612,0,501,52.259700775146484,17.075929641723633,9,1758112644,5049,501/7,#FFA500
1_4451631^M,0,560,52.30961990356445,17.063310623168945,11,1758112639,5002,560/8,#FFA500
1_4451638^+,0,501,52.38787841796875,16.967790603637695,3,1758112639,5003,501/9,#FFA500
1_4451648^+,0,511,52.39712142944336,16.95026969909668,0,1758112644,5056,511/11,#FFA500
1_4451685^K,0,512,52.38840103149414,16.967239379882812,3,1758112639,5057,512/13,#FFA500
1_4451708^+,0,512,52.34619140625,16.984149932861328,32,1758112639,5040,512/15,#FFA500
1_4451728^K,0,527,52.2863883972168,16.98777961730957,29,1758112644,5051,527/21,#FFA500
1_4451746^+,0,527,52.341678619384766,16.91762924194336,6,1758112644,5019,527/22,#FFA500
1_4451767^+,0,527,52.32244873046875,16.912979125976562,22,1758112629,5048,527/23,#FFA500
"1_4451790^S,W",0,527,52.36637878417969,16.929790496826172,0,1758112639,5017,527/24,#FFA500
1_4452691^Y+,0,401,52.40964126586914,16.98089027404785,11,1758112629,4234,401/2,#FFA500
1_4452718^Y+,0,401,52.406951904296875,17.082809448242188,4,1758112644,4210,401/4,#FFA500
1_4452772^Y+,0,401,52.4038200378418,17.05331039428711,8,1758112639,4202,401/8,#FFA500
1_4452788^Y+,0,401,52.409080505371094,16.96118927001953,1,1758112639,4201,401/10,#FFA500
"1_4452833^J,Y",0,412,52.432838439941406,17.072969436645508,6,1758112639,4044,412/14,#FFA500
1_4452986^Y+,0,405,52.4097785949707,16.954410552978516,0,1758112629,4203,405/26,#FFA500
1_4453006^Y+,0,405,52.41054916381836,17.075700759887695,12,1758112629,4131,405/28,#FFA500
1_4453021^Y+,0,405,52.403411865234375,17.05569076538086,6,1758112634,4133,405/24,#FFA500
1_4453231^Y+,0,498,52.4044189453125,17.07278060913086,15,1758112634,4041,498/42,#FFA500
"1_4453270^D,Y",0,484,52.42084884643555,17.08091926574707,1,1758112639,4007,484/46,#FFA500
1_4502847^A+,0,433,52.3449592590332,17.068450927734375,14,1758112639,4319,433/3,#FFA500
1_4502889^+,0,431,52.337440490722656,17.1653995513916,29,1758112644,4316,431/6,#FFA500
1_4502908,0,432,52.37025833129883,16.997880935668945,25,1758112644,4309,432/8,#FFA500
1_4502920^E,0,431,52.36177062988281,17.122610092163086,7,1758112639,4314,431/9,#FFA500
"1_4502963^D,L",0,488,52.296409606933594,17.194990158081055,3,1758112583,4313,488/12,#FFA500
"1_4502989^C,S",0,488,52.328800201416016,17.204120635986328,7,1758112614,4321,488/13,#FFA500
"1_4503040^E,P",0,432,52.37657928466797,16.981470108032227,4,1758112639,4320,432/16,#FFA500
1_4615126^+,0,610,52.371768951416016,16.90361976623535,0,1758112629,6059,610/1,#FFA500
1_4615148^+,0,610,52.34246063232422,16.861980438232422,15,1758112634,6058,610/2,#FFA500
1_4615168^+,0,610,52.381839752197266,16.881399154663086,0,1758112644,6057,610/4,#FFA500
1_4615202^+,0,611,52.346351623535156,16.87735939025879,9,1758112644,6142,611/11,#FFA500
1_4615242^A,0,611,52.35358810424805,16.839719772338867,14,1758112639,6068,611/12,#FFA500
1_4615275,0,611,52.3514289855957,16.88212013244629,8,1758112644,6052,611/13,#FFA500
1_4615301^+,0,611,52.34886932373047,16.859989166259766,2,1758112644,6050,611/14,#FFA500
1_4615334^+,0,603,52.31549072265625,16.882299423217773,1,1758112629,6051,603/31,#FFA500
1_4615359^+,0,603,52.41693115234375,16.938369750976562,0,1758112634,6054,603/32,#FFA500
1_4615379^+,0,603,52.322811126708984,16.886810302734375,20,1758112639,6138,603/33,#FFA500
1_4615411^+,0,603,52.361698150634766,16.90447998046875,8,1758112644,6137,603/35,#FFA500
1_4615426^+,0,614,52.31943130493164,16.87565040588379,27,1758112629,6063,614/42,#FFA500
1_4615448^+,0,614,52.31991958618164,16.877370834350586,2,1758112644,6064,614/43,#FFA500
1_4615465^+,0,614,52.38212966918945,16.882009506225586,0,1758112644,6061,614/44,#FFA500
1_4615485^+,0,651,52.37181091308594,16.903499603271484,0,1758112639,6066,651/51,#FFA500
1_4615513^P,0,602,52.334228515625,16.889829635620117,5,1758112634,6056,602/53,#FFA500
1_4615538^+,0,603,52.40879821777344,16.938079833984375,3,1758112629,6141,603/54,#FFA500
1_4615555^+,0,651,52.24330139160156,16.85053062438965,1,1758112634,6060,651/56,#FFA500
1_4615575^+,0,616,52.366031646728516,16.85910987854004,7,1758112639,6133,616/61,#FFA500
1_4615597^+,0,616,52.381561279296875,16.881790161132812,1,1758112639,6135,616/62,#FFA500
1_4615614^P,0,690,52.34785842895508,16.89879035949707,8,1758112634,6134,690/91,#FFA500
1_4615632^+,0,690,52.33993148803711,16.89212989807129,27,1758112629,6067,690/92,#FFA500
1_4622036^A,0,811,52.40449142456055,16.675430297851562,0,1758112639,8058,811/31,#FFA500
1_4622058^S+,0,881,52.46427917480469,16.664880752563477,0,1758112634,8004,881/32,#FFA500
1_4622068,0,811,52.463531494140625,16.667409896850586,15,1758112639,8053,811/33,#FFA500
1_4622082,0,821,52.4169807434082,16.640960693359375,1,1758112644,8030,821/34,#FFA500
1_4622094^+,0,821,52.41999816894531,16.875959396362305,1,1758112634,8033,821/35,#FFA500
1_4622108^+,0,805,52.46522903442383,16.642770767211914,0,1758112639,8041,805/36,#FFA500
1_4622123^+,0,812,52.43328857421875,16.529590606689453,33,1758112644,8059,812/37,#FFA500
1_4622137^+,0,803,52.421138763427734,16.872499465942383,30,1758112639,8027,803/38,#FFA500
1_4622154,0,813,52.476131439208984,16.641529083251953,3,1758112644,8064,813/39,#FFA500
1_4622174^B,0,803,52.42601013183594,16.78527069091797,12,1758112639,8044,803/40,#FFA500
1_4622183^A,0,811,52.43206024169922,16.806819915771484,11,1758112644,8036,811/41,#FFA500
1_4622202,0,804,52.40266036987305,16.669830322265625,11,1758112629,8062,804/42,#FFA500
"1_4622223^P,S",0,886,52.487430572509766,16.502859115600586,12,1758112639,8005,886/43,#FFA500
"1_4622239^S,W",0,826,52.447181701660156,16.728960037231445,3,1758112644,8043,826/44,#FFA500
1_4622246^+,0,812,52.41653823852539,16.881729125976562,0,1758112639,8009,812/45,#FFA500
1_4622255^+,0,802,52.43663024902344,16.78553009033203,11,1758112634,8039,802/46,#FFA500
1_4622265^D,0,811,52.462650299072266,16.655759811401367,2,1758112634,8040,811/47,#FFA500
1_4622271^A,0,813,52.458919525146484,16.685569763183594,18,1758112634,8045,813/48,#FFA500
1_4622284^S+,0,825,52.47343063354492,16.645389556884766,0,1758112644,8002,825/49,#FFA500
1_4622292^A,0,811,52.41590881347656,16.88068962097168,21,1758112644,8017,811/50,#FFA500
1_4622321^+,0,802,52.420528411865234,16.76786994934082,16,1758112644,8018,802/54,#FFA500
1_4622344^+,0,822,52.42155075073242,16.871540069580078,16,1758112639,8007,822/55,#FFA500
1_4622361^e+,0,822,52.43212890625,16.81351089477539,8,1758112634,8047,822/56,#FFA500
1_4655302^+,0,901,52.46495819091797,16.904109954833984,6,1758112634,9122,901/2,#FFA500
1_4655332^+,0,902,52.48918151855469,16.904260635375977,4,1758112644,9103,902/4,#FFA500
1_4655367^+,0,904,52.464759826660156,16.918119430541992,0,1758112634,9114,904/5,#FFA500
1_4655391^M+,0,902,52.46390914916992,16.91806983947754,1,1758112639,9105,902/6,#FFA500
1_4655410^+,0,905,52.48263931274414,16.860300064086914,28,1758112629,9107,905/11,#FFA500
1_4655463^+,0,907,52.53559875488281,16.835779190063477,17,1758112629,9110,907/14,#FFA500
1_4655477^+,0,905,52.46379852294922,16.918010711669922,2,1758112644,9120,905/15,#FFA500
1_4655488^+,0,905,52.561180114746094,16.839630126953125,0,1758112644,9106,905/16,#FFA500
1_4811455^+,0,121,52.4179801940918,16.875280380249023,1,1758112639,1401,121/1,#FFA500
1_4811484^+,0,122,52.3832893371582,16.833450317382812,0,1758112644,1490,122/1,#FFA500
1_4811539^+,0,170,52.43526840209961,16.931989669799805,0,1758112639,1472,170/5,#FFA500
1_4811561^+,0,145,52.39934158325195,16.89361000061035,11,1758112639,1008,145/1,#FFA500
1_4811608^+,0,145,52.382869720458984,16.8647403717041,2,1758112624,1009,145/2,#FFA500
1_4811634^+,0,145,52.381141662597656,16.86220932006836,0,1758112644,1010,145/3,#FFA500
1_4811657^+,0,145,52.400089263916016,16.889570236206055,3,1758112634,1201,145/4,#FFA500
1_4811685^+,0,146,52.46025848388672,16.91735076904297,13,1758112629,1465,146/1,#FFA500
1_4811722^+,0,146,52.45928955078125,16.917890548706055,11,1758112639,1643,146/3,#FFA500
1_4811744^+,0,185,52.4345703125,16.93825912475586,16,1758112644,1619,185/5,#FFA500
1_4811766^+,0,148,52.40964889526367,16.888029098510742,16,1758112634,1467,148/2,#FFA500
1_4811798^+,0,148,52.413368225097656,16.81743049621582,3,1758112639,1485,148/3,#FFA500
1_4811848^+,0,163,52.39065933227539,16.873830795288086,18,1758112629,1027,163/11,#FFA500
1_4811875^+,0,149,52.38195037841797,16.88188934326172,0,1758112629,1003,149/4,#FFA500
1_4811899^+,0,151,52.45111846923828,16.93613052368164,12,1758112644,1653,151/1,#FFA500
1_4811920^+,0,151,52.4650993347168,16.91621971130371,0,1758112639,1674,151/2,#FFA500
1_4811936^+,0,151,52.444950103759766,16.952320098876953,20,1758112639,1658,151/3,#FFA500
1_4811970^+,0,152,52.38924026489258,17.025190353393555,2,1758112644,1763,152/10,#FFA500
1_4812000^+,0,153,52.32123947143555,16.948780059814453,17,1758112634,1676,153/1,#FFA500
1_4812027^+,0,153,52.32691955566406,16.941640853881836,6,1758112644,1660,153/3,#FFA500
1_4812056^+,0,153,52.37211990356445,16.949169158935547,0,1758112644,1655,153/4,#FFA500
1_4812083^+,0,174,52.41273880004883,16.938840866088867,17,1758112644,1701,174/10,#FFA500
1_4812118^+,0,154,52.39377975463867,16.960020065307617,3,1758112644,1654,154/2,#FFA500
1_4812138^S,0,154,52.341129302978516,16.98794937133789,0,1758112634,1641,154/4,#FFA500
"1_4812163^A,S",0,154,52.39680099487305,16.94923973083496,0,1758112644,1628,154/6,#FFA500
1_4812187^+,0,181,52.396568298339844,16.949689865112305,0,1758112639,1773,181/1,#FFA500
1_4812216^+,0,166,52.394569396972656,16.949670791625977,3,1758112634,1631,166/8,#FFA500
1_4812245^+,0,186,52.432220458984375,16.830869674682617,15,1758112634,1452,186/2,#FFA500
1_4812304^+,0,156,52.44171142578125,16.80743980407715,0,1758112634,1470,156/5,#FFA500
1_4812322^+,0,156,52.41791915893555,16.881200790405273,1,1758112639,1450,156/8,#FFA500
1_4812346^+,0,157,52.398929595947266,16.973730087280273,14,1758112639,1601,157/1,#FFA500
1_4812387^+,0,157,52.409690856933594,16.99241065979004,0,1758112644,1602,157/2,#FFA500
1_4812406^+,0,157,52.40856170654297,16.955310821533203,2,1758112644,1770,157/3,#FFA500
1_4812424^+,0,157,52.3926887512207,17.015029907226562,11,1758112639,1618,157/6,#FFA500
1_4812452^+,0,152,52.39693069458008,16.950450897216797,1,1758112644,1612,152/3,#FFA500
1_4812478^+,0,158,52.35578155517578,16.923370361328125,3,1758112629,1917,158/2,#FFA500
1_4812520^+,0,158,52.364830017089844,16.93092918395996,17,1758112644,1921,158/3,#FFA500
1_4812547^+,0,159,52.41197967529297,16.863269805908203,10,1758112629,1263,159/1,#FFA500
1_4812584^+,0,159,52.4144401550293,16.825040817260742,2,1758112629,1915,159/15,#FFA500
1_4812627^+,0,159,52.40660095214844,16.910629272460938,3,1758112629,1935,159/2,#FFA500
1_4812655^+,0,159,52.402671813964844,16.911699295043945,0,1758112639,1301,159/3,#FFA500
1_4812686^+,0,164,52.39223098754883,16.885969161987305,8,1758112644,1315,164/3,#FFA500
1_4812703^+,0,160,52.4114990234375,16.930919647216797,26,1758112644,1937,160/1,#FFA500
1_4812745^+,0,160,52.43804168701172,16.9041690826416,15,1758112644,1891,160/2,#FFA500
1_4812767^+,0,160,52.451900482177734,16.849000930786133,0,1758112644,1651,160/3,#FFA500
1_4812790^+,0,146,52.451900482177734,16.84910011291504,0,1758112639,1456,146/5,#FFA500
1_4812815^+,0,160,52.43954086303711,16.889129638671875,16,1758112634,1665,160/5,#FFA500
1_4812829^+,0,160,52.4140510559082,16.92112922668457,4,1758112644,1604,160/6,#FFA500
1_4812851^+,0,160,52.416900634765625,16.9384708404541,0,1758112639,1648,160/7,#FFA500
1_4812880^+,0,196,52.385948181152344,16.97484016418457,10,1758112644,1846,196/2,#FFA500
1_4812896^+,0,154,52.351348876953125,17.02281951904297,0,1758112644,1669,154/7,#FFA500
1_4812925^+,0,166,52.38431930541992,16.99736976623535,13,1758112644,1673,166/4,#FFA500
1_4812947^+,0,193,52.394309997558594,16.861000061035156,9,1758112639,1204,193/2,#FFA500
1_4812967^+,0,163,52.40821075439453,16.917680740356445,6,1758112644,1894,163/2,#FFA500
1_4812986^+,0,193,52.38212966918945,16.881879806518555,0,1758112639,1711,193/4,#FFA500
1_4813006^+,0,163,52.41680908203125,16.939189910888672,0,1758112634,1001,163/3,#FFA500
1_4813028^+,0,163,52.41117858886719,16.93368911743164,19,1758112644,1926,163/4,#FFA500
1_4813050^+,0,163,52.382240295410156,16.882190704345703,0,1758112634,1506,163/5,#FFA500
1_4813050^+,0,163,52.41022872924805,16.884109497070312,11,1758112644,1267,163/5,#FFA500
1_4813071^+,0,163,52.39963912963867,16.863670349121094,6,1758112639,1007,163/7,#FFA500
1_4813096^+,0,163,52.381961822509766,16.88163948059082,0,1758112639,1023,163/8,#FFA500
1_4813129^+,0,164,52.4405517578125,16.870849609375,26,1758112644,1307,164/1,#FFA500
1_4813161^+,0,164,52.40991973876953,16.902599334716797,16,1758112634,1257,164/2,#FFA500
1_4813193^+,0,164,52.38179016113281,16.860679626464844,0,1758112634,1258,164/4,#FFA500
1_4813211^+,0,164,52.38182067871094,16.860790252685547,0,1758112629,1269,164/5,#FFA500
1_4813232^+,0,164,52.390010833740234,16.873699188232422,26,1758112644,1316,164/6,#FFA500
1_4813250^+,0,164,52.408748626708984,16.901790618896484,16,1758112644,1256,164/7,#FFA500
1_4813268^+,0,164,52.4268913269043,16.90250015258789,9,1758112644,1304,164/8,#FFA500
1_4813288^+,0,164,52.452781677246094,16.864990234375,0,1758112644,1309,164/9,#FFA500
1_4813317^Z+,0,184,52.381988525390625,16.954050064086914,8,1758112639,1638,184/18,#FFA500
1_4813341^+,0,166,52.384578704833984,17.009620666503906,10,1758112639,1614,166/2,#FFA500
1_4813365^+,0,183,52.40937042236328,16.95414924621582,0,1758112644,1607,183/7,#FFA500
1_4813390^+,0,152,52.38454818725586,16.986970901489258,14,1758112639,1646,152/7,#FFA500
1_4813409^+,0,166,52.39207077026367,16.98181915283203,16,1758112644,1620,166/9,#FFA500
1_4813441^+,0,911,52.44137954711914,16.94658088684082,10,1758112634,1857,911/6,#FFA500
1_4813467^+,0,168,52.456321716308594,16.875770568847656,19,1758112634,1912,168/1,#FFA500
1_4813510^+,0,168,52.43566131591797,16.920989990234375,9,1758112629,1459,168/2,#FFA500
1_4813557^+,0,168,52.40745162963867,16.91670036315918,2,1758112644,1317,168/3,#FFA500
1_4813603^+,0,168,52.43307113647461,16.92030906677246,13,1758112639,1666,168/6,#FFA500
1_4813617^+,0,168,52.44942855834961,16.893640518188477,6,1758112644,1481,168/7,#FFA500
1_4813638^+,0,169,52.433570861816406,16.937719345092773,21,1758112644,1451,169/1,#FFA500
1_4813669^+,0,169,52.45193862915039,16.934200286865234,27,1758112639,1478,169/11,#FFA500
1_4813688^+,0,169,52.40932846069336,16.918109893798828,14,1758112644,1637,169/2,#FFA500
1_4813705^+,0,169,52.4044189453125,16.87755012512207,7,1758112634,1458,169/3,#FFA500
1_4813725^+,0,169,52.384029388427734,16.861940383911133,0,1758112629,1454,169/4,#FFA500
1_4813742^+,0,169,52.39596939086914,16.881120681762695,26,1758112644,1657,169/5,#FFA500
1_4813759^+,0,169,52.409488677978516,16.889619827270508,20,1758112639,1457,169/6,#FFA500
1_4813780^+,0,169,52.44575881958008,16.94516944885254,4,1758112644,1661,169/8,#FFA500
1_4813817^+,0,170,52.45254135131836,16.86590003967285,0,1758112639,1462,170/1,#FFA500
1_4813851^+,0,170,52.43326187133789,16.88488006591797,6,1758112629,1453,170/2,#FFA500
1_4813892^+,0,170,52.43532943725586,16.932289123535156,1,1758112634,1484,170/3,#FFA500
1_4813923^+,0,170,52.44544982910156,16.874500274658203,14,1758112639,1455,170/4,#FFA500
1_4813953^+,0,171,52.435951232910156,16.92180061340332,5,1758112644,1925,171/1,#FFA500
1_4813974^+,0,171,52.44205093383789,16.940500259399414,0,1758112634,1902,171/2,#FFA500
1_4813995^+,0,171,52.43585968017578,16.939210891723633,27,1758112644,1906,171/3,#FFA500
1_4814010^+,0,171,52.415401458740234,16.926929473876953,20,1758112644,1916,171/4,#FFA500
1_4814032^+,0,171,52.394779205322266,16.916929244995117,13,1758112629,1914,171/5,#FFA500
1_4814049^+,0,171,52.36787033081055,16.90806007385254,3,1758112644,1919,171/6,#FFA500
1_4814068^+,0,171,52.35898971557617,16.906049728393555,0,1758112634,1924,171/7,#FFA500
1_4814087^+,0,171,52.38233947753906,16.91638946533203,23,1758112634,1923,171/8,#FFA500
1_4814109^+,0,171,52.4085693359375,16.91769027709961,14,1758112644,1861,171/9,#FFA500
1_4814142^+,0,173,52.43431854248047,17.011579513549805,14,1758112644,1615,173/1,#FFA500
1_4814191^+,0,173,52.40938949584961,16.955780029296875,12,1758112634,1681,173/2,#FFA500
1_4814224^+,0,183,52.41080856323242,16.957250595092773,26,1758112639,1881,183/8,#FFA500
1_4814244^+,0,174,52.46492004394531,16.916889190673828,0,1758112629,1909,174/1,#FFA500
1_4814259^+,0,174,52.43574142456055,16.930389404296875,10,1758112644,1903,174/12,#FFA500
1_4814278^+,0,174,52.44252014160156,16.92947006225586,29,1758112634,1702,174/2,#FFA500
1_4814329^+,0,174,52.40068817138672,16.935989379882812,15,1758112634,1705,174/5,#FFA500
1_4814349^+,0,174,52.37736129760742,16.958200454711914,5,1758112644,1706,174/6,#FFA500
1_4814365^+,0,174,52.37221145629883,16.9493408203125,0,1758112629,1708,174/7,#FFA500
1_4814378^+,0,174,52.37200164794922,16.949289321899414,0,1758112639,1709,174/8,#FFA500
1_4814398^+,0,174,52.394691467285156,16.94976043701172,24,1758112639,1703,174/9,#FFA500
1_4814428^+,0,175,52.3692512512207,16.899229049682617,1,1758112644,1019,175/2,#FFA500
1_4814466^+,0,175,52.38203811645508,16.88178062438965,0,1758112644,1022,175/6,#FFA500
1_4814505^+,0,180,52.358489990234375,16.833969116210938,3,1758112639,1402,180/2,#FFA500
1_4814537^+,0,176,52.360931396484375,16.90460968017578,1,1758112644,1020,176/1,#FFA500
1_4814565^+,0,176,52.41046142578125,16.938499450683594,16,1758112644,1025,176/13,#FFA500
1_4814602^+,0,176,52.36919021606445,16.908050537109375,14,1758112644,1011,176/3,#FFA500
1_4814614^+,0,176,52.39080047607422,16.93120002746582,7,1758112634,1002,176/4,#FFA500
1_4814647^+,0,176,52.41701889038086,16.938810348510742,0,1758112634,1024,176/6,#FFA500
1_4814676^+,0,176,52.39072036743164,16.924800872802734,10,1758112644,1507,176/8,#FFA500
1_4814697^+,0,177,52.407711029052734,16.911340713500977,0,1758112639,1306,177/13,#FFA500
1_4814723^+,0,177,52.4085807800293,16.840360641479492,14,1758112639,1308,177/2,#FFA500
1_4814745^+,0,177,52.41176986694336,16.859779357910156,17,1758112644,1305,177/4,#FFA500
1_4814773^+,0,177,52.38338088989258,16.833330154418945,0,1758112644,1311,177/5,#FFA500
1_4814790^+,0,178,52.4091682434082,16.95488929748535,0,1758112634,1647,178/1,#FFA500
1_4814829^+,0,183,52.431400299072266,16.951770782470703,7,1758112644,1606,183/6,#FFA500
1_4814860^+,0,178,52.4370002746582,16.953590393066406,17,1758112639,1611,178/2,#FFA500
1_4814896^+,0,178,52.444488525390625,16.90884017944336,7,1758112634,1645,178/4,#FFA500
1_4814919^+,0,154,52.385440826416016,16.973800659179688,7,1758112644,1621,154/25,#FFA500
1_4814940^+,0,178,52.45909881591797,16.895029067993164,18,1758112629,1642,178/6,#FFA500
1_4814977^+,0,179,52.38650894165039,16.89594078063965,10,1758112644,1012,179/2,#FFA500
1_4815007^+,0,179,52.381710052490234,16.86060905456543,0,1758112634,1018,179/3,#FFA500
1_4815027^+,0,193,52.43476867675781,16.905759811401367,12,1758112639,1014,193/7,#FFA500
1_4815058^+,0,180,52.38312911987305,16.88327980041504,1,1758112634,1408,180/3,#FFA500
1_4815093^+,0,149,52.37181091308594,16.90345001220703,0,1758112644,1016,149/3,#FFA500
1_4815146^+,0,181,52.3892707824707,16.99308967590332,5,1758112644,1772,181/2,#FFA500
1_4815191^+,0,181,52.376060485839844,16.9819393157959,17,1758112639,1758,181/4,#FFA500
1_4815205^+,0,181,52.389991760253906,16.966930389404297,6,1758112644,1765,181/5,#FFA500
1_4815228^+,0,182,52.441959381103516,16.94074058532715,0,1758112644,1252,182/1,#FFA500
1_4815265^+,0,191,52.43606185913086,16.921180725097656,12,1758112629,1905,191/10,#FFA500
1_4815285^+,0,146,52.45698928833008,16.952699661254883,0,1758112639,1466,146/2,#FFA500
1_4815310^+,0,182,52.426231384277344,16.904199600219727,16,1758112629,1889,182/3,#FFA500
1_4815332^+,0,182,52.406558990478516,16.87529945373535,8,1758112629,1859,182/4,#FFA500
1_4815371^+,0,182,52.39971160888672,16.876100540161133,20,1758112634,1883,182/7,#FFA500
1_4815395^+,0,182,52.427711486816406,16.923730850219727,5,1758112644,1314,182/9,#FFA500
1_4815409^+,0,183,52.43553924560547,16.914039611816406,15,1758112644,1895,183/1,#FFA500
1_4815426^+,0,178,52.43830871582031,16.940500259399414,9,1758112644,1652,178/7,#FFA500
1_4815451^+,0,183,52.45998001098633,16.882089614868164,0,1758112644,1649,183/2,#FFA500
1_4815487^+,0,183,52.43791961669922,16.903209686279297,14,1758112639,1884,183/4,#FFA500
1_4815504^+,0,184,52.40045166015625,16.993009567260742,0,1758112644,1856,184/1,#FFA500
1_4815519^+,0,184,52.38645935058594,16.99432945251465,15,1758112639,1675,184/12,#FFA500
1_4815543^+,0,152,52.379608154296875,16.974000930786133,11,1758112634,1769,152/14,#FFA500
1_4815568^Z+,0,184,52.39662170410156,16.949520111083984,0,1758112644,1616,184/15,#FFA500
1_4815586^Z+,0,184,52.38650894165039,16.99418067932129,18,1758112644,1672,184/19,#FFA500
1_4815621^+,0,184,52.404109954833984,16.954010009765625,6,1758112639,1610,184/23,#FFA500
1_4815639^+,0,166,52.41508102416992,17.044649124145508,0,1758112629,1670,166/5,#FFA500
1_4815672^+,0,185,52.450618743896484,16.914169311523438,20,1758112644,1858,185/1,#FFA500
1_4815695^+,0,185,52.43143081665039,16.951679229736328,10,1758112629,1644,185/2,#FFA500
1_4815731^+,0,185,52.410179138183594,16.954500198364258,1,1758112629,1930,185/3,#FFA500
1_4815753^+,0,185,52.40938186645508,16.954870223999023,0,1758112634,1640,185/4,#FFA500
1_4815753^+,0,185,52.409278869628906,16.954570770263672,0,1758112644,1609,185/4,#FFA500
1_4815798^+,0,190,52.43074035644531,16.931690216064453,16,1758112634,1505,190/2,#FFA500
1_4815823^+,0,186,52.432098388671875,16.830930709838867,9,1758112644,1460,186/1,#FFA500
1_4815847^+,0,186,52.417999267578125,16.881000518798828,0,1758112639,1471,186/6,#FFA500
1_4815893^+,0,190,52.39950180053711,16.935440063476562,24,1758112644,1613,190/1,#FFA500
1_4815912^+,0,190,52.39656066894531,16.949880599975586,1,1758112644,1503,190/10,#FFA500
1_4815939^+,0,348,52.48683166503906,16.942609786987305,12,1758112634,1854,348/6,#FFA500
1_4815939^+,0,348,52.419830322265625,16.921979904174805,3,1758112634,1893,348/6,#FFA500
1_4815968^+,0,174,52.41754150390625,16.94024085998535,20,1758112639,1934,174/4,#FFA500
1_4815990^+,0,190,52.4515495300293,16.912050247192383,7,1758112644,1502,190/3,#FFA500
1_4816012^+,0,190,52.465171813964844,16.904399871826172,29,1758112639,1031,190/4,#FFA500
1_4816045^+,0,190,52.46002960205078,16.903989791870117,27,1758112644,1028,190/6,#FFA500
1_4816067^+,0,190,52.430538177490234,16.936939239501953,14,1758112644,1017,190/8,#FFA500
1_4816087^+,0,190,52.40961837768555,16.9383602142334,8,1758112639,1608,190/9,#FFA500
1_4816104^+,0,191,52.4597282409668,16.923320770263672,3,1758112639,1302,191/1,#FFA500
1_4816133^+,0,191,52.46495056152344,16.917030334472656,0,1758112644,1918,191/2,#FFA500
1_4816151^+,0,182,52.41621017456055,16.8917293548584,14,1758112644,1319,182/8,#FFA500
1_4816168^+,0,169,52.422489166259766,16.919370651245117,11,1758112639,1671,169/7,#FFA500
1_4816187^+,0,191,52.45983123779297,16.924409866333008,31,1758112639,1253,191/3,#FFA500
1_4816204^+,0,191,52.435760498046875,16.920330047607422,21,1758112639,1303,191/4,#FFA500
1_4816221^+,0,191,52.419979095458984,16.90842056274414,14,1758112629,1907,191/5,#FFA500
1_4816238^+,0,191,52.404380798339844,16.867210388183594,4,1758112639,1320,191/6,#FFA500
1_4816268^+,0,191,52.40763854980469,16.86768913269043,27,1758112639,1310,191/8,#FFA500
1_4816286^+,0,191,52.418758392333984,16.907529830932617,17,1758112644,1318,191/9,#FFA500
1_4816303^+,0,193,52.41141891479492,16.875940322875977,15,1758112629,1030,193/1,#FFA500
1_4816318^+,0,193,52.46382141113281,16.903640747070312,31,1758112639,1206,193/10,#FFA500
1_4816337^+,0,193,52.44105911254883,16.912389755249023,24,1758112644,1715,193/11,#FFA500
1_4816371^+,0,175,52.380638122558594,16.8799991607666,1,1758112644,1015,175/1,#FFA500
1_4816394^+,0,182,52.382110595703125,16.881559371948242,1,1758112639,1939,182/5,#FFA500
1_4816416^+,0,163,52.410499572753906,16.88275909423828,11,1758112639,1474,163/1,#FFA500
1_4816443^+,0,179,52.389991760253906,16.89504051208496,7,1758112639,1029,179/1,#FFA500
1_4816462^+,0,193,52.382118225097656,16.881980895996094,0,1758112639,1203,193/3,#FFA500
1_4816477^+,0,193,52.38676834106445,16.8664493560791,31,1758112634,1713,193/5,#FFA500
1_4816498^+,0,193,52.411800384521484,16.873199462890625,21,1758112644,1205,193/6,#FFA500
1_4816516^+,0,193,52.4658317565918,16.90665054321289,2,1758112629,1265,193/9,#FFA500
1_4816546^+,0,194,52.34764862060547,16.940919876098633,12,1758112634,1405,194/1,#FFA500
1_4816578^+,0,194,52.36629104614258,16.929880142211914,0,1758112634,1759,194/6,#FFA500
1_4816630^+,0,196,52.39659881591797,16.94952964782715,0,1758112629,1863,196/1,#FFA500
1_4816652^+,0,162,52.354488372802734,17.00149917602539,24,1758112644,1886,162/4,#FFA500
1_4816706^+,0,159,52.41014099121094,16.884489059448242,12,1758112644,1928,159/4,#FFA500
1_4816734^+,0,148,52.4121208190918,16.8712100982666,7,1758112629,1477,148/1,#FFA500
1_4816776^+,0,168,52.4068603515625,16.913270950317383,22,1758112639,1911,168/5,#FFA500
1_4816803^+,0,322,52.441349029541016,16.9118595123291,0,1758112634,1890,322/1,#FFA500
1_4816826^+,0,322,52.440650939941406,16.912330627441406,18,1758112644,1888,322/2,#FFA500
1_4816856^+,0,322,52.42667007446289,16.97694969177246,10,1758112629,1867,322/3,#FFA500
1_4816882^+,0,322,52.448509216308594,16.99241065979004,17,1758112634,1868,322/4,#FFA500
1_4816912^+,0,322,52.43227005004883,16.945119857788086,8,1758112634,1865,322/5,#FFA500
1_4816947^+,0,348,52.47203826904297,16.94732093811035,27,1758112639,1892,348/2,#FFA500
1_4816974^F,0,198,52.46501159667969,16.930320739746094,6,1758112644,1633,198/3,#FFA500
1_4816974^F,0,198,52.465309143066406,16.916160583496094,1,1758112629,1887,198/3,#FFA500
1_4817027^+,0,348,52.567378997802734,16.995649337768555,28,1758112644,1938,348/5,#FFA500
1_4817062^+,0,416,52.43075942993164,17.072629928588867,0,1758112639,1982,416/1,#FFA500
1_4817093^+,0,425,52.40129852294922,17.05586051940918,9,1758112644,1851,425/1,#FFA500
1_4817113^+,0,425,52.381439208984375,17.001079559326172,1,1758112634,1855,425/4,#FFA500
1_4817138^+,0,425,52.38740921020508,17.027990341186523,12,1758112644,1852,425/5,#FFA500
1_4817206^+,0,727,52.390419006347656,16.7780704498291,8,1758112644,1313,727/1,#FFA500
1_4817233^+,0,727,52.38801956176758,16.78474998474121,9,1758112644,1262,727/3,#FFA500
1_4817253^+,0,911,52.4091796875,16.954240798950195,0,1758112629,1866,911/1,#FFA500
1_4817280^+,0,167,52.41202163696289,16.93878936767578,4,1758112639,1853,167/3,#FFA500
1_4817299^+,0,167,52.49776077270508,16.94615936279297,0,1758112644,1896,167/4,#FFA500
1_4817321^+,0,911,52.440650939941406,16.946430206298828,19,1758112639,1927,911/5,#FFA500
1_4817341^+,0,911,52.54520034790039,16.946809768676758,0,1758112639,1862,911/7,#FFA500
1_4817374^+,0,194,52.37202835083008,16.949129104614258,0,1758112629,1403,194/3,#FFA500
1_4817407^+,0,189,52.36758041381836,16.94805908203125,8,1758112644,1774,189/5,#FFA500
1_4817448^+,0,158,52.30799865722656,16.982500076293945,0,1758112644,1901,158/1,#FFA500
1_4817483^+,0,194,52.34381103515625,16.940040588378906,9,1758112644,1664,194/2,#FFA500
1_4817518^+,0,189,52.36048126220703,16.94679069519043,10,1758112644,1767,189/4,#FFA500
1_4817550^+,0,153,52.37186050415039,16.949430465698242,1,1758112644,1656,153/2,#FFA500
1_4823788^N+,0,1,52.38085174560547,17.001609802246094,0,1758112639,943,1/1,#0000FF
1_4823812^N+,0,1,52.38644027709961,16.843629837036133,29,1758112639,614,1/10,#0000FF
1_4823847^N+,0,1,52.3974609375,16.888349533081055,20,1758112639,616,1/12,#0000FF
1_4823863^+,0,1,52.38282012939453,16.92884063720703,14,1758112644,917,1/13,#0000FF
1_4823883^N+,0,1,52.386260986328125,16.975690841674805,5,1758112634,551,1/14,#0000FF
1_4823897^+,0,1,52.38330841064453,17.001550674438477,1,1758112629,166,1/15,#0000FF
1_4823926^N+,0,1,52.381919860839844,16.991069793701172,29,1758112639,621,1/3,#0000FF
1_4823946^+,0,1,52.392948150634766,16.88637924194336,12,1758112644,172,1/6,#0000FF
1_4823967^N+,0,1,52.397518157958984,16.870359420776367,8,1758112644,549,1/7,#0000FF
1_4823994^+,0,1,52.383628845214844,16.83449935913086,0,1758112634,144,1/9,#0000FF
1_4824016^N+,0,10,52.45518112182617,16.94470977783203,0,1758112639,952,10/1,#0000FF
1_4824038^N+,0,10,52.418331146240234,16.921600341796875,13,1758112644,956,10/10,#0000FF
1_4824058^N+,0,10,52.44078826904297,16.946250915527344,4,1758112639,938,10/11,#0000FF
1_4824083^N+,0,10,52.44929885864258,16.94512939453125,26,1758112639,945,10/2,#0000FF
1_4824108^N+,0,10,52.39057922363281,16.919790267944336,6,1758112634,928,10/6,#0000FF
1_4824132^N+,0,10,52.42007827758789,16.92333984375,15,1758112644,946,10/4,#0000FF
1_4824153^N+,0,10,52.4073600769043,16.912410736083984,11,1758112634,935,10/5,#0000FF
1_4824175^N+,0,10,52.37321853637695,16.90376091003418,0,1758112644,948,10/7,#0000FF
1_4824194^N+,0,10,52.38692855834961,16.91628074645996,24,1758112639,932,10/8,#0000FF
1_4824220^N+,0,10,52.40174102783203,16.921119689941406,20,1758112644,941,10/9,#0000FF
1_4824247^N+,0,11,52.44190979003906,16.911649703979492,0,1758112644,507,11/1,#0000FF
1_4824271^N+,0,11,52.408660888671875,16.91267967224121,13,1758112639,504,11/11,#0000FF
1_4824297^N+,0,11,52.4284782409668,16.908239364624023,5,1758112639,911,11/12,#0000FF
1_4824319^+,0,11,52.430389404296875,16.910850524902344,24,1758112644,627,11/2,#0000FF
1_4824339^N+,0,11,52.41128921508789,16.913820266723633,17,1758112639,422,11/3,#0000FF
1_4824366^N+,0,11,52.39017105102539,16.894439697265625,10,1758112644,432,11/4,#0000FF
1_4824384^+,0,11,52.39516830444336,16.89982032775879,16,1758112639,226,11/10,#0000FF
1_4824406^N+,0,11,52.372371673583984,16.949169158935547,0,1758112629,426,11/7,#0000FF
1_4824432^N+,0,11,52.3803596496582,16.942520141601562,24,1758112644,435,11/8,#0000FF
1_4824479^N+,0,12,52.38840866088867,16.946319580078125,19,1758112644,414,12/10,#0000FF
1_4824496^N+,0,12,52.399879455566406,16.92844009399414,13,1758112644,541,12/11,#0000FF
1_4824518^N+,0,12,52.41376876831055,16.91522979736328,6,1758112644,550,12/12,#0000FF
1_4824545^N+,0,12,52.46397018432617,16.916749954223633,0,1758112634,556,12/13,#0000FF
1_4824567^N+,0,2,52.38798141479492,16.917030334472656,5,1758112644,508,2/11,#0000FF
1_4824590^N+,0,12,52.4532585144043,16.919170379638672,23,1758112644,400,12/2,#0000FF
1_4824621^N+,0,12,52.40885925292969,16.91411018371582,18,1758112639,506,12/3,#0000FF
1_4824644^N+,0,12,52.39780044555664,16.941940307617188,11,1758112644,554,12/4,#0000FF
1_4824673^N+,0,12,52.38059997558594,16.943279266357422,4,1758112634,411,12/6,#0000FF
1_4824691^N+,0,12,52.368309020996094,16.932310104370117,0,1758112639,412,12/7,#0000FF
1_4824717^N+,0,12,52.369041442871094,16.93231964111328,24,1758112639,527,12/8,#0000FF
1_4824751^+,0,13,52.40673828125,16.906679153442383,22,1758112639,128,13/10,#0000FF
1_4824780^N+,0,13,52.405670166015625,16.932010650634766,16,1758112634,413,13/12,#0000FF
1_4824802^N+,0,13,52.36848068237305,16.93412971496582,2,1758112629,415,13/13,#0000FF
1_4824802^N+,0,13,52.390140533447266,16.94717025756836,7,1758112639,427,13/13,#0000FF
1_4824828^N+,0,13,52.36833953857422,16.932470321655273,0,1758112634,405,13/15,#0000FF
1_4824843^+,0,13,52.368080139160156,16.93231964111328,0,1758112644,290,13/16,#0000FF
1_4824857^+,0,7,52.41035842895508,16.954660415649414,15,1758112644,88,7/3,#0000FF
1_4824877^N+,0,11,52.37995147705078,16.943740844726562,4,1758112644,558,11/6,#0000FF
1_4824894^N+,0,13,52.371429443359375,16.934850692749023,30,1758112639,408,13/2,#0000FF
1_4824917^+,0,13,52.406131744384766,16.928119659423828,17,1758112634,410,13/5,#0000FF
1_4824936^N+,0,13,52.402931213378906,16.889699935913086,11,1758112644,555,13/6,#0000FF
1_4824956^N+,0,13,52.38840103149414,16.85124969482422,4,1758112644,399,13/7,#0000FF
1_4824971^+,0,13,52.383399963378906,16.833099365234375,0,1758112639,409,13/8,#0000FF
1_4824990^N+,0,13,52.388729095458984,16.85032081604004,31,1758112644,402,13/9,#0000FF
1_4825015^N+,0,15,52.402320861816406,16.888080596923828,10,1758112644,501,15/10,#0000FF
1_4825048^N+,0,15,52.38508987426758,16.839170455932617,2,1758112634,522,15/11,#0000FF
1_4825074^N+,0,14,52.39331817626953,16.897869110107422,4,1758112639,547,14/21,#0000FF
1_4825088^N+,0,15,52.39683151245117,16.86747932434082,15,1758112644,524,15/14,#0000FF
1_4825114^N+,0,15,52.40729904174805,16.912919998168945,8,1758112644,531,15/15,#0000FF
1_4825143^N+,0,15,52.45344161987305,16.91912078857422,2,1758112644,537,15/17,#0000FF
1_4825172^N+,0,13,52.399200439453125,16.952329635620117,21,1758112639,403,13/3,#0000FF
1_4825210^N+,0,15,52.40882110595703,16.912809371948242,14,1758112629,545,15/9,#0000FF
1_4825238^N+,0,14,52.38105010986328,16.880929946899414,0,1758112634,526,14/1,#0000FF
1_4825262^N+,0,15,52.38331985473633,16.834209442138672,0,1758112639,542,15/13,#0000FF
1_4825289^N+,0,14,52.398380279541016,16.903409957885742,9,1758112644,601,14/5,#0000FF
1_4825417^N+,0,14,52.442100524902344,16.919960021972656,4,1758112639,559,14/6,#0000FF
1_4825446^N+,0,15,52.46078109741211,16.917139053344727,20,1758112634,518,15/7,#0000FF
1_4825478^N+,0,16,52.40671157836914,16.92498016357422,10,1758112634,603,16/1,#0000FF
1_4825505^N+,0,16,52.38142013549805,17.00048065185547,0,1758112629,625,16/10,#0000FF
1_4825526^N+,0,16,52.3972282409668,16.961740493774414,16,1758112644,602,16/11,#0000FF
1_4825548^N+,0,18,52.40385818481445,16.910879135131836,7,1758112644,553,18/5,#0000FF
1_4825595^N+,0,16,52.42810821533203,16.91922950744629,6,1758112644,519,16/2,#0000FF
1_4825614^N+,0,16,52.406639099121094,16.929359436035156,15,1758112644,619,16/6,#0000FF
1_4825636^N+,0,16,52.436981201171875,16.92024040222168,21,1758112644,629,16/5,#0000FF
1_4825660^N+,0,16,52.39646911621094,16.96319007873535,8,1758112624,618,16/7,#0000FF
1_4825688^N+,0,16,52.3809700012207,17.00152015686035,0,1758112639,607,16/8,#0000FF
1_4825706^N+,0,16,52.463741302490234,16.916730880737305,0,1758112639,623,16/4,#0000FF
1_4825730^+,0,17,52.38111877441406,16.88003921508789,0,1758112629,234,17/11,#0000FF
1_4825749^N+,0,5,52.38943099975586,16.893369674682617,19,1758112634,919,5/12,#0000FF
1_4825780^N+,0,5,52.41310119628906,16.958200454711914,0,1758112644,428,5/16,#0000FF
1_4825807^N+,0,5,52.40100860595703,16.94778060913086,16,1758112644,949,5/17,#0000FF
1_4825832^+,0,5,52.40325164794922,16.91655921936035,8,1758112644,310,5/19,#0000FF
1_4825851^N+,0,5,52.38787841796875,16.8917293548584,3,1758112634,539,5/20,#0000FF
1_4825907^+,0,5,52.39970016479492,16.951570510864258,4,1758112644,228,5/15,#0000FF
1_4825918^+,0,17,52.410091400146484,16.94713020324707,21,1758112639,444,17/27,#0000FF
1_4825936^N+,0,17,52.394561767578125,16.966289520263672,14,1758112639,459,17/28,#0000FF
1_4825959^N+,0,14,52.42110824584961,16.917940139770508,9,1758112639,514,14/20,#0000FF
1_4825989^N+,0,17,52.41006851196289,16.956579208374023,18,1758112639,516,17/5,#0000FF
1_4826024^N+,0,17,52.38108825683594,16.88125991821289,0,1758112644,951,17/9,#0000FF
1_4826047^N+,0,18,52.38084030151367,17.00090980529785,0,1758112639,924,18/1,#0000FF
1_4826069^N+,0,18,52.41345977783203,16.900609970092773,22,1758112634,528,18/10,#0000FF
1_4826090^N+,0,18,52.406768798828125,16.912200927734375,19,1758112644,431,18/11,#0000FF
1_4826108^+,0,18,52.39751052856445,16.9514102935791,11,1758112639,134,18/12,#0000FF
1_4826128^N+,0,18,52.384159088134766,16.988670349121094,3,1758112629,515,18/13,#0000FF
1_4826170^N+,0,1,52.38169860839844,16.93705940246582,18,1758112639,939,1/5,#0000FF
1_4826184^+,0,18,52.385250091552734,16.98744010925293,22,1758112634,298,18/2,#0000FF
1_4826206^N+,0,18,52.395999908447266,16.949289321899414,13,1758112629,420,18/3,#0000FF
1_4826253^N+,0,18,52.41456985473633,16.895660400390625,2,1758112644,626,18/7,#0000FF
1_4826280^+,0,18,52.41651916503906,16.882949829101562,0,1758112634,272,18/9,#0000FF
1_4826299^N+,0,19,52.400028228759766,16.92797088623047,18,1758112644,510,19/10,#0000FF
1_4826315^+,0,9,52.377418518066406,16.907379150390625,2,1758112639,907,9/12,#0000FF
1_4826337^N+,0,2,52.378761291503906,16.90863037109375,20,1758112644,442,2/1,#0000FF
1_4826377^N+,0,2,52.37242889404297,16.903310775756836,0,1758112639,455,2/13,#0000FF
1_4826399^N+,0,2,52.3856315612793,16.9147891998291,18,1758112639,452,2/2,#0000FF
1_4826436^N+,0,2,52.399898529052734,16.928800582885742,13,1758112634,436,2/4,#0000FF
1_4826453^N+,0,2,52.40763854980469,16.91423988342285,7,1758112644,918,2/5,#0000FF
1_4826474^N+,0,2,52.41559982299805,16.890880584716797,2,1758112644,449,2/6,#0000FF
1_4826510^N+,0,2,52.40835189819336,16.908349990844727,18,1758112644,430,2/8,#0000FF
1_4826538^N+,0,2,52.40406036376953,16.933500289916992,11,1758112644,511,2/9,#0000FF
1_4826563^N+,0,3,52.4044303894043,16.935710906982422,16,1758112639,922,3/1,#0000FF
1_4826587^N+,0,3,52.4551887512207,16.944599151611328,0,1758112634,933,3/10,#0000FF
1_4826607^N+,0,3,52.41584014892578,16.91908073425293,23,1758112639,930,3/16,#0000FF
1_4826626^N+,0,3,52.45515060424805,16.94454002380371,0,1758112644,944,3/12,#0000FF
1_4826660^N+,0,3,52.4367790222168,16.94713020324707,31,1758112644,934,3/14,#0000FF
1_4826706^N+,0,8,52.41020965576172,17.00252914428711,0,1758112634,914,8/2,#0000FF
1_4826726^N+,0,3,52.37236022949219,16.949199676513672,0,1758112644,954,3/3,#0000FF
1_4826742^N+,0,3,52.37208938598633,16.949079513549805,0,1758112644,926,3/4,#0000FF
1_4826772^N+,0,3,52.394309997558594,16.966690063476562,28,1758112639,942,3/6,#0000FF
1_4826796^N+,0,3,52.40549850463867,16.93260955810547,22,1758112644,950,3/7,#0000FF
1_4826812^N+,0,3,52.41352844238281,16.915639877319336,15,1758112629,925,3/8,#0000FF
1_4826831^N+,0,3,52.42641830444336,16.93855094909668,9,1758112644,937,3/9,#0000FF
1_4826852^N+,0,17,52.36859893798828,16.932199478149414,0,1758112639,418,17/1,#0000FF
1_4826876^N+,0,5,52.40803909301758,16.922569274902344,10,1758112644,433,5/13,#0000FF
1_4826926^N+,0,17,52.40507125854492,16.9166202545166,27,1758112639,434,17/25,#0000FF
1_4826954^+,0,17,52.37097930908203,16.93429946899414,34,1758112644,312,17/3,#0000FF
1_4826973^N+,0,17,52.37649154663086,16.955490112304688,6,1758112639,605,17/30,#0000FF
1_4826996^N+,0,17,52.38652038574219,16.976139068603516,24,1758112639,916,17/4,#0000FF
1_4827008^+,0,17,52.4096794128418,16.924400329589844,13,1758112644,336,17/7,#0000FF
1_4827027^N+,0,17,52.399681091308594,16.90526008605957,6,1758112629,419,17/8,#0000FF
1_4827050^+,0,6,52.39591979980469,16.864290237426758,5,1758112644,218,6/8,#0000FF
1_4827066^+,0,6,52.40290069580078,16.890199661254883,21,1758112634,188,6/10,#0000FF
1_4827086^N+,0,6,52.40193176269531,16.920360565185547,16,1758112639,548,6/12,#0000FF
1_4827114^+,0,6,52.398529052734375,16.95199966430664,10,1758112634,174,6/14,#0000FF
1_4827135^N+,0,6,52.409629821777344,16.985559463500977,2,1758112639,604,6/15,#0000FF
1_4827158^N+,0,6,52.410030364990234,17.003530502319336,0,1758112634,552,6/2,#0000FF
1_4827181^N+,0,6,52.408931732177734,16.962329864501953,25,1758112629,523,6/4,#0000FF
1_4827205^N+,0,6,52.39667892456055,16.946369171142578,17,1758112644,517,6/5,#0000FF
1_4827225^N+,0,6,52.40705871582031,16.902679443359375,10,1758112639,540,6/6,#0000FF
1_4827245^+,0,6,52.409881591796875,17.002220153808594,0,1758112644,182,6/3,#0000FF
1_4827264^N+,0,6,52.39902877807617,16.87626075744629,23,1758112639,609,6/9,#0000FF
1_4827287^N+,0,7,52.38481903076172,16.914840698242188,29,1758112639,437,7/1,#0000FF
1_4827300,0,7,52.421630859375,16.92367935180664,23,1758112644,224,7/10,#0000FF
1_4827317^N+,0,7,52.409481048583984,16.92367935180664,27,1758112644,416,7/11,#0000FF
1_4827331^+,0,7,52.4096794128418,16.956470489501953,22,1758112629,168,7/12,#0000FF
1_4827347^N+,0,7,52.39577865600586,16.95047950744629,17,1758112634,423,7/13,#0000FF
1_4827378^N+,0,7,52.38930130004883,16.896989822387695,7,1758112644,615,7/15,#0000FF
1_4827394^N+,0,7,52.40314865112305,16.88895034790039,3,1758112634,425,7/16,#0000FF
1_4827423^N+,0,7,52.399288177490234,16.88913917541504,33,1758112644,610,7/19,#0000FF
1_4827441^N+,0,7,52.39630126953125,16.9506893157959,20,1758112629,445,7/2,#0000FF
1_4827456^N+,0,7,52.40958023071289,16.917959213256836,10,1758112639,929,7/4,#0000FF
1_4827474^+,0,7,52.41633987426758,16.883329391479492,0,1758112644,142,7/18,#0000FF
1_4827491^N+,0,7,52.42866897583008,16.93606948852539,3,1758112644,421,7/6,#0000FF
1_4827505^+,0,7,52.434959411621094,16.932479858398438,0,1758112634,244,7/7,#0000FF
1_4827522^N+,0,7,52.42655944824219,16.93522071838379,34,1758112644,454,7/9,#0000FF
1_4827560^N+,0,8,52.40998077392578,16.95764923095703,7,1758112644,460,8/10,#0000FF
1_4827582^N+,0,8,52.40985107421875,16.991470336914062,16,1758112639,450,8/3,#0000FF
1_4827602^+,0,8,52.41011047363281,16.94780921936035,10,1758112639,424,8/4,#0000FF
1_4827629^N+,0,8,52.412471771240234,16.905080795288086,3,1758112639,446,8/5,#0000FF
1_4827673^N+,0,8,52.41725158691406,16.883209228515625,17,1758112634,457,8/8,#0000FF
1_4827693^+,0,8,52.4098014831543,16.924589157104492,11,1758112644,138,8/9,#0000FF
1_4827716^N+,0,9,52.37997055053711,16.909700393676758,26,1758112644,538,9/1,#0000FF
1_4827729^+,0,9,52.441959381103516,16.911399841308594,0,1758112634,903,9/11,#0000FF
1_4827750^N+,0,9,52.4056510925293,16.93121910095215,16,1758112644,456,9/2,#0000FF
1_4827772^N+,0,9,52.43967056274414,16.91012954711914,2,1758112644,451,9/3,#0000FF
1_4827809^N+,0,19,52.42211151123047,16.923730850219727,6,1758112639,448,19/5,#0000FF
1_4827835^N+,0,19,52.42401885986328,16.925819396972656,19,1758112644,521,19/6,#0000FF
1_4827857^N+,0,9,52.407569885253906,16.92885971069336,13,1758112644,458,9/7,#0000FF
1_4827881^N+,0,19,52.396480560302734,16.924579620361328,7,1758112639,912,19/8,#0000FF
1_4827922^N+,0,8,52.416439056396484,16.88302993774414,0,1758112644,915,8/6,#0000FF
1_4827932,0,17,52.38787841796875,16.89423942565918,1,1758112644,913,17/24,#0000FF
1_4832072^+,0,837,52.44895935058594,16.852989196777344,11,1758112639,8321,837/11,#FFA500
1_4832104^+,0,835,52.4157600402832,16.891929626464844,3,1758112639,8312,835/13,#FFA500
1_4832120^+,0,833,52.46583938598633,16.800640106201172,16,1758112644,8341,833/14,#FFA500
1_4832132^+,0,833,52.41999053955078,16.876060485839844,32,1758112629,8328,833/15,#FFA500
1_4832149^+,0,835,52.51115036010742,16.75433921813965,5,1758112644,8315,835/16,#FFA500
1_4832167^+,0,837,52.44020080566406,16.87211036682129,20,1758112644,8319,837/17,#FFA500
1_4832183^+,0,835,52.41278076171875,16.889789581298828,37,1758112634,8320,835/18,#FFA500
1_4832203^+,0,832,52.47338104248047,16.876659393310547,25,1758112644,8311,832/19,#FFA500
1_4832220^+,0,832,52.46770095825195,16.88503074645996,5,1758112634,8314,832/20,#FFA500
1_4832243^+,0,832,52.51755905151367,16.693479537963867,3,1758112644,8324,832/21,#FFA500
1_4832267^+,0,882,52.463470458984375,16.641679763793945,0,1758112644,8323,882/22,#FFA500
1_4832278^+,0,882,52.48699188232422,16.72960090637207,13,1758112634,8310,882/23,#FFA500
1_4832298^+,0,893,52.54698181152344,16.751279830932617,0,1758112639,8327,893/24,#FFA500
1_4832319^+,0,893,52.47085952758789,16.723649978637695,0,1758112639,8325,893/25,#FFA500
1_4833171,0,701,52.32136917114258,16.805259704589844,0,1758112639,7003,701/11,#FFA500
1_4833189^K,0,701,52.35918045043945,16.886730194091797,11,1758112634,7031,701/12,#FFA500
1_4833207,0,701,52.32107925415039,16.85148048400879,10,1758112639,7005,701/13,#FFA500
1_4833234^+,0,702,52.344661712646484,16.850839614868164,12,1758112639,7015,702/21,#FFA500
1_4833260^+,0,702,52.356231689453125,16.858150482177734,8,1758112644,7016,702/22,#FFA500
1_4833282^+,0,702,52.32688903808594,16.8221492767334,23,1758112639,7023,702/23,#FFA500
1_4833302^A,0,707,52.36225128173828,16.8522891998291,4,1758112644,7021,707/31,#FFA500
1_4833328^A,0,703,52.353721618652344,16.84375,13,1758112634,7012,703/32,#FFA500
1_4833351^P,0,703,52.38235855102539,16.882150650024414,11,1758112629,7035,703/33,#FFA500
1_4833368^A,0,705,52.33219909667969,16.747989654541016,5,1758112629,7008,705/34,#FFA500
1_4833390^+,0,704,52.364070892333984,16.86005973815918,17,1758112634,7038,704/41,#FFA500
1_4833419^+,0,715,52.37171173095703,16.816999435424805,11,1758112644,7001,715/51,#FFA500
1_4833449^+,0,716,52.362388610839844,16.807899475097656,10,1758112639,7013,716/61,#FFA500
1_4833482,0,716,52.342041015625,16.787519454956055,5,1758112644,7024,716/62,#FFA500
1_4833516^H,0,716,52.38359069824219,16.833890914916992,0,1758112629,7017,716/63,#FFA500
1_4833538^+,0,710,52.366249084472656,16.83064079284668,11,1758112644,7020,710/71,#FFA500
1_4833568^+,0,789,52.32358169555664,16.846790313720703,15,1758112639,7027,789/89,#FFA500
1_4833584^+,0,729,52.41299057006836,16.834089279174805,9,1758112644,7019,729/91,#FFA500
1_4833599^+,0,729,52.36037826538086,16.720439910888672,5,1758112644,7004,729/92,#FFA500
1_4833625^+,0,710,52.36302185058594,16.850139617919922,17,1758112639,7018,710/94,#FFA500
